,Date,Temperature(F)
0,2016-08-24,79.0
1,2016-08-25,80.0
2,2016-08-26,79.0
3,2016-08-27,77.0
4,2016-08-28,78.0
5,2016-08-29,78.0
6,2016-08-30,79.0
7,2016-08-31,80.0
8,2016-09-01,81.0
9,2016-09-02,80.0
10,2016-09-03,79.0
11,2016-09-04,75.0
12,2016-09-05,79.0
13,2016-09-06,76.0
14,2016-09-07,76.0
15,2016-09-08,80.0
16,2016-09-09,79.0
17,2016-09-10,78.0
18,2016-09-11,76.0
19,2016-09-12,78.0
20,2016-09-13,78.0
21,2016-09-14,75.0
22,2016-09-15,79.0
23,2016-09-16,80.0
24,2016-09-17,79.0
25,2016-09-18,81.0
26,2016-09-19,77.0
27,2016-09-20,77.0
28,2016-09-21,78.0
29,2016-09-22,76.0
30,2016-09-23,82.0
31,2016-09-24,81.0
32,2016-09-25,78.0
33,2016-09-26,80.0
34,2016-09-27,80.0
35,2016-09-28,79.0
36,2016-09-29,80.0
37,2016-09-30,80.0
38,2016-10-01,80.0
39,2016-10-02,79.0
40,2016-10-03,79.0
41,2016-10-04,79.0
42,2016-10-05,80.0
43,2016-10-06,80.0
44,2016-10-07,79.0
45,2016-10-08,78.0
46,2016-10-09,76.0
47,2016-10-10,75.0
48,2016-10-11,80.0
49,2016-10-12,80.0
50,2016-10-13,79.0
51,2016-10-14,80.0
52,2016-10-15,79.0
53,2016-10-16,78.0
54,2016-10-17,78.0
55,2016-10-18,80.0
56,2016-10-19,81.0
57,2016-10-20,79.0
58,2016-10-21,77.0
59,2016-10-22,79.0
60,2016-10-23,78.0
61,2016-10-24,77.0
62,2016-10-25,77.0
63,2016-10-26,78.0
64,2016-10-27,77.0
65,2016-10-28,78.0
66,2016-10-29,77.0
67,2016-10-30,76.0
68,2016-10-31,77.0
69,2016-11-01,77.0
70,2016-11-02,77.0
71,2016-11-03,77.0
72,2016-11-04,77.0
73,2016-11-05,76.0
74,2016-11-06,75.0
75,2016-11-07,71.0
76,2016-11-08,71.0
77,2016-11-09,71.0
78,2016-11-10,71.0
79,2016-11-11,72.0
80,2016-11-12,71.0
81,2016-11-13,72.0
82,2016-11-14,77.0
83,2016-11-15,77.0
84,2016-11-16,77.0
85,2016-11-17,77.0
86,2016-11-18,77.0
87,2016-11-19,75.0
88,2016-11-20,76.0
89,2016-11-21,76.0
90,2016-11-22,75.0
91,2016-11-23,72.0
92,2016-11-24,74.0
93,2016-11-25,75.0
94,2016-11-26,73.0
95,2016-11-27,76.0
96,2016-11-28,75.0
97,2016-11-29,68.0
98,2016-11-30,75.0
99,2016-12-01,75.0
100,2016-12-02,72.0
101,2016-12-03,69.0
102,2016-12-04,71.0
103,2016-12-05,68.0
104,2016-12-06,67.0
105,2016-12-07,69.0
106,2016-12-08,73.0
107,2016-12-09,70.0
108,2016-12-10,70.0
109,2016-12-11,70.0
110,2016-12-12,66.0
111,2016-12-13,67.0
112,2016-12-14,70.0
113,2016-12-15,66.0
114,2016-12-16,62.0
115,2016-12-17,71.0
116,2016-12-18,73.0
117,2016-12-19,69.0
118,2016-12-20,77.0
119,2016-12-21,74.0
120,2016-12-22,71.0
121,2016-12-23,72.0
122,2016-12-24,74.0
123,2016-12-25,74.0
124,2016-12-26,74.0
125,2016-12-27,74.0
126,2016-12-28,71.0
127,2016-12-29,73.0
128,2016-12-30,69.0
129,2016-12-31,66.0
130,2017-01-01,62.0
131,2017-01-02,66.0
132,2017-01-03,63.0
133,2017-01-04,62.0
134,2017-01-05,63.0
135,2017-01-06,64.0
136,2017-01-07,66.0
137,2017-01-08,60.0
138,2017-01-09,64.0
139,2017-01-10,63.0
140,2017-01-11,78.0
141,2017-01-12,67.0
142,2017-01-13,67.0
143,2017-01-14,65.0
144,2017-01-15,66.0
145,2017-01-16,67.0
146,2017-01-17,66.0
147,2017-01-18,72.0
148,2017-01-19,73.0
149,2017-01-20,71.0
150,2017-01-21,72.0
151,2017-01-22,72.0
152,2017-01-23,72.0
153,2017-01-24,69.0
154,2017-01-25,72.0
155,2017-01-26,71.0
156,2017-01-27,65.0
157,2017-01-28,64.0
158,2017-01-29,67.0
159,2017-01-30,67.0
160,2017-01-31,68.0
161,2017-02-01,70.0
162,2017-02-02,61.0
163,2017-02-03,65.0
164,2017-02-04,72.0
165,2017-02-05,73.0
166,2017-02-06,76.0
167,2017-02-07,64.0
168,2017-02-08,62.0
169,2017-02-09,61.0
170,2017-02-10,71.0
171,2017-02-11,69.0
172,2017-02-12,68.0
173,2017-02-13,74.0
174,2017-02-14,75.0
175,2017-02-15,75.0
176,2017-02-16,71.0
177,2017-02-17,71.0
178,2017-02-18,68.0
179,2017-02-19,69.0
180,2017-02-20,71.0
181,2017-02-21,70.0
182,2017-02-22,72.0
183,2017-02-23,74.0
184,2017-02-24,70.0
185,2017-02-25,64.0
186,2017-02-26,65.0
187,2017-02-27,72.0
188,2017-02-28,74.0
189,2017-03-01,66.0
190,2017-03-02,73.0
191,2017-03-03,69.0
192,2017-03-04,74.0
193,2017-03-05,71.0
194,2017-03-06,69.0
195,2017-03-07,68.0
196,2017-03-08,71.0
197,2017-03-09,72.0
198,2017-03-10,68.0
199,2017-03-11,71.0
200,2017-03-12,74.0
201,2017-03-13,71.0
202,2017-03-14,71.0
203,2017-03-15,71.0
204,2017-03-16,70.0
205,2017-03-17,72.0
206,2017-03-18,69.0
207,2017-03-19,73.0
208,2017-03-20,75.0
209,2017-03-21,75.0
210,2017-03-22,74.0
211,2017-03-23,70.0
212,2017-03-24,73.0
213,2017-03-25,76.0
214,2017-03-26,76.0
215,2017-03-27,75.0
216,2017-03-28,77.0
217,2017-03-29,76.0
218,2017-03-30,77.0
219,2017-03-31,76.0
220,2017-04-01,76.0
221,2017-04-02,76.0
222,2017-04-03,77.0
223,2017-04-04,76.0
224,2017-04-05,78.0
225,2017-04-06,77.0
226,2017-04-07,77.0
227,2017-04-08,77.0
228,2017-04-09,72.0
229,2017-04-10,75.0
230,2017-04-11,79.0
231,2017-04-12,78.0
232,2017-04-13,77.0
233,2017-04-14,75.0
234,2017-04-15,73.0
235,2017-04-16,74.0
236,2017-04-17,74.0
237,2017-04-18,75.0
238,2017-04-19,74.0
239,2017-04-20,78.0
240,2017-04-21,73.0
241,2017-04-22,76.0
242,2017-04-23,77.0
243,2017-04-24,77.0
244,2017-04-25,77.0
245,2017-04-26,77.0
246,2017-04-27,78.0
247,2017-04-28,76.0
248,2017-04-29,72.0
249,2017-04-30,63.0
250,2017-05-01,75.0
251,2017-05-02,78.0
252,2017-05-03,78.0
253,2017-05-04,78.0
254,2017-05-05,79.0
255,2017-05-06,79.0
256,2017-05-07,79.0
257,2017-05-08,77.0
258,2017-05-10,78.0
259,2017-05-11,78.0
260,2017-05-12,79.0
261,2017-05-13,79.0
262,2017-05-14,77.0
263,2017-05-15,78.0
264,2017-05-16,78.0
265,2017-05-17,78.0
266,2017-05-18,73.0
267,2017-05-19,76.0
268,2017-05-20,78.0
269,2017-05-21,76.0
270,2017-05-22,77.0
271,2017-05-23,87.0
272,2017-05-24,77.0
273,2017-05-25,77.0
274,2017-05-27,74.0
275,2017-05-28,76.0
276,2017-05-29,75.0
277,2017-05-30,76.0
278,2017-05-31,79.0
279,2017-06-01,79.0
280,2017-06-02,79.0
281,2017-06-03,79.0
282,2017-06-04,79.0
283,2017-06-05,80.0
284,2017-06-06,79.0
285,2017-06-07,79.0
286,2017-06-08,80.0
287,2017-06-09,80.0
288,2017-06-10,77.0
289,2017-06-11,79.0
290,2017-06-12,83.0
291,2017-06-13,80.0
292,2017-06-14,80.0
293,2017-06-15,78.0
294,2017-06-16,79.0
295,2017-06-17,80.0
296,2017-06-18,77.0
297,2017-06-19,80.0
298,2017-06-20,78.0
299,2017-06-21,79.0
300,2017-06-22,80.0
301,2017-06-23,78.0
302,2017-06-24,80.0
303,2017-06-25,80.0
304,2017-06-26,81.0
305,2017-06-27,80.0
306,2017-06-28,79.0
307,2017-06-29,79.0
308,2017-06-30,75.0
309,2017-07-01,80.0
310,2017-07-02,80.0
311,2017-07-03,78.0
312,2017-07-04,80.0
313,2017-07-05,80.0
314,2017-07-06,81.0
315,2017-07-07,79.0
316,2017-07-08,80.0
317,2017-07-09,80.0
318,2017-07-10,80.0
319,2017-07-11,78.0
320,2017-07-12,81.0
321,2017-07-13,79.0
322,2017-07-14,81.0
323,2017-07-15,80.0
324,2017-07-16,78.0
325,2017-07-17,80.0
326,2017-07-18,80.0
327,2017-07-20,80.0
328,2017-07-21,80.0
329,2017-07-22,81.0
330,2017-07-23,81.0
331,2017-07-24,78.0
332,2017-07-25,80.0
333,2017-07-26,82.0
334,2017-07-27,79.0
335,2017-07-28,81.0
336,2017-07-29,81.0
337,2017-07-30,81.0
338,2017-07-31,80.0
339,2017-08-01,77.0
340,2017-08-02,73.0
341,2017-08-03,79.0
342,2017-08-04,80.0
343,2017-08-05,81.0
344,2017-08-06,80.0
345,2017-08-07,80.0
346,2017-08-08,80.0
347,2017-08-09,80.0
348,2017-08-10,81.0
349,2017-08-11,78.0
350,2017-08-12,80.0
351,2017-08-13,81.0
352,2017-08-14,79.0
353,2017-08-15,78.0
354,2017-08-18,80.0
355,2017-08-19,79.0
356,2017-08-20,81.0
357,2017-08-21,81.0
358,2017-08-22,82.0
359,2017-08-23,81.0
360,2016-08-24,76.0
361,2016-08-25,77.0
362,2016-08-26,78.0
363,2016-08-27,73.0
364,2016-08-28,73.0
365,2016-08-29,78.0
366,2016-08-30,76.0
367,2016-08-31,77.0
368,2016-09-01,79.0
369,2016-09-02,78.0
370,2016-09-03,77.0
371,2016-09-04,75.0
372,2016-09-05,78.0
373,2016-09-06,74.0
374,2016-09-07,75.0
375,2016-09-08,77.0
376,2016-09-09,76.0
377,2016-09-10,76.0
378,2016-09-11,76.0
379,2016-09-12,76.0
380,2016-09-13,76.0
381,2016-09-14,76.0
382,2016-09-15,78.0
383,2016-09-16,78.0
384,2016-09-17,78.0
385,2016-09-18,78.0
386,2016-09-19,75.0
387,2016-09-20,78.0
388,2016-09-21,76.0
389,2016-09-22,77.0
390,2016-09-23,76.0
391,2016-09-24,79.0
392,2016-09-25,77.0
393,2016-09-26,77.0
394,2016-09-27,77.0
395,2016-09-28,77.0
396,2016-09-29,76.0
397,2016-09-30,77.0
398,2016-10-01,75.0
399,2016-10-02,77.0
400,2016-10-03,78.0
401,2016-10-04,78.0
402,2016-10-05,77.0
403,2016-10-06,76.0
404,2016-10-07,78.0
405,2016-10-08,76.0
406,2016-10-09,77.0
407,2016-10-10,75.0
408,2016-10-11,77.0
409,2016-10-12,75.0
410,2016-10-13,78.0
411,2016-10-14,77.0
412,2016-10-15,76.0
413,2016-10-16,75.0
414,2016-10-17,77.0
415,2016-10-18,77.0
416,2016-10-19,77.0
417,2016-10-20,76.0
418,2016-10-21,76.0
419,2016-10-22,77.0
420,2016-10-23,76.0
421,2016-10-24,76.0
422,2016-10-25,77.0
423,2016-10-26,74.0
424,2016-10-27,75.0
425,2016-10-28,77.0
426,2016-10-29,77.0
427,2016-10-30,78.0
428,2016-10-31,76.0
429,2016-11-01,77.0
430,2016-11-02,76.0
431,2016-11-03,74.0
432,2016-11-04,76.0
433,2016-11-05,72.0
434,2016-11-06,76.0
435,2016-11-07,69.0
436,2016-11-08,71.0
437,2016-11-09,70.0
438,2016-11-10,69.0
439,2016-11-11,71.0
440,2016-11-12,68.0
441,2016-11-13,72.0
442,2016-11-14,76.0
443,2016-11-15,78.0
444,2016-11-16,76.0
445,2016-11-17,75.0
446,2016-11-18,78.0
447,2016-11-19,73.0
448,2016-11-20,75.0
449,2016-11-21,75.0
450,2016-11-22,76.0
451,2016-11-23,75.0
452,2016-11-24,75.0
453,2016-11-25,76.0
454,2016-11-26,76.0
455,2016-11-27,75.0
456,2016-11-28,75.0
457,2016-11-29,74.0
458,2016-11-30,74.0
459,2016-12-01,73.0
460,2016-12-02,71.0
461,2016-12-03,71.0
462,2016-12-04,69.0
463,2016-12-05,68.0
464,2016-12-06,70.0
465,2016-12-07,71.0
466,2016-12-08,72.0
467,2016-12-09,70.0
468,2016-12-10,71.0
469,2016-12-11,72.0
470,2016-12-12,68.0
471,2016-12-13,68.0
472,2016-12-14,70.0
473,2016-12-15,70.0
474,2016-12-16,63.0
475,2016-12-17,71.0
476,2016-12-18,67.0
477,2016-12-19,69.0
478,2016-12-20,74.0
479,2016-12-21,72.0
480,2016-12-22,70.0
481,2016-12-23,69.0
482,2016-12-24,73.0
483,2016-12-25,74.0
484,2016-12-26,74.0
485,2016-12-27,73.0
486,2016-12-28,71.0
487,2016-12-29,72.0
488,2016-12-30,69.0
489,2016-12-31,71.0
490,2017-01-01,66.0
491,2017-01-02,66.0
492,2017-01-03,65.0
493,2017-01-04,64.0
494,2017-01-05,65.0
495,2017-01-06,70.0
496,2017-01-07,72.0
497,2017-01-08,62.0
498,2017-01-09,65.0
499,2017-01-10,66.0
500,2017-01-11,66.0
501,2017-01-12,67.0
502,2017-01-13,70.0
503,2017-01-14,66.0
504,2017-01-15,67.0
505,2017-01-16,69.0
506,2017-01-17,74.0
507,2017-01-18,73.0
508,2017-01-19,74.0
509,2017-01-20,73.0
510,2017-01-21,72.0
511,2017-01-22,71.0
512,2017-01-23,71.0
513,2017-01-24,71.0
514,2017-01-25,73.0
515,2017-01-26,72.0
516,2017-01-27,63.0
517,2017-01-28,71.0
518,2017-01-29,71.0
519,2017-01-30,69.0
520,2017-01-31,69.0
521,2017-02-01,69.0
522,2017-02-02,63.0
523,2017-02-03,64.0
524,2017-02-04,67.0
525,2017-02-05,75.0
526,2017-02-06,74.0
527,2017-02-07,67.0
528,2017-02-08,67.0
529,2017-02-09,64.0
530,2017-02-10,64.0
531,2017-02-11,65.0
532,2017-02-12,67.0
533,2017-02-13,69.0
534,2017-02-14,72.0
535,2017-02-15,76.0
536,2017-02-16,74.0
537,2017-02-17,67.0
538,2017-02-18,71.0
539,2017-02-19,70.0
540,2017-02-20,71.0
541,2017-02-21,70.0
542,2017-02-22,70.0
543,2017-02-23,70.0
544,2017-02-24,70.0
545,2017-02-25,63.0
546,2017-02-26,63.0
547,2017-02-27,66.0
548,2017-02-28,73.0
549,2017-03-01,72.0
550,2017-03-02,73.0
551,2017-03-03,73.0
552,2017-03-04,76.0
553,2017-03-05,70.0
554,2017-03-06,66.0
555,2017-03-07,65.0
556,2017-03-08,70.0
557,2017-03-09,67.0
558,2017-03-10,68.0
559,2017-03-11,68.0
560,2017-03-12,70.0
561,2017-03-13,70.0
562,2017-03-14,70.0
563,2017-03-15,71.0
564,2017-03-16,69.0
565,2017-03-17,69.0
566,2017-03-18,67.0
567,2017-03-19,72.0
568,2017-03-20,72.0
569,2017-03-21,73.0
570,2017-03-22,74.0
571,2017-03-23,74.0
572,2017-03-24,72.0
573,2017-03-25,72.0
574,2017-03-26,75.0
575,2017-03-27,74.0
576,2017-03-28,75.0
577,2017-03-29,73.0
578,2017-03-30,74.0
579,2017-03-31,74.0
580,2017-04-01,76.0
581,2017-04-02,74.0
582,2017-04-03,73.0
583,2017-04-04,72.0
584,2017-04-05,72.0
585,2017-04-06,73.0
586,2017-04-07,74.0
587,2017-04-08,73.0
588,2017-04-09,69.0
589,2017-04-10,71.0
590,2017-04-11,75.0
591,2017-04-12,74.0
592,2017-04-13,71.0
593,2017-04-14,70.0
594,2017-04-15,70.0
595,2017-04-16,69.0
596,2017-04-17,69.0
597,2017-04-18,70.0
598,2017-04-19,70.0
599,2017-04-20,75.0
600,2017-04-21,70.0
601,2017-04-22,74.0
602,2017-04-23,75.0
603,2017-04-24,76.0
604,2017-04-25,75.0
605,2017-04-26,78.0
606,2017-04-27,73.0
607,2017-04-28,70.0
608,2017-04-29,66.0
609,2017-04-30,61.0
610,2017-05-01,68.0
611,2017-05-02,73.0
612,2017-05-03,74.0
613,2017-05-04,77.0
614,2017-05-05,78.0
615,2017-05-06,75.0
616,2017-05-07,75.0
617,2017-05-08,71.0
618,2017-05-09,74.0
619,2017-05-10,75.0
620,2017-05-11,74.0
621,2017-05-12,74.0
622,2017-05-13,75.0
623,2017-05-14,75.0
624,2017-05-15,75.0
625,2017-05-16,75.0
626,2017-05-17,75.0
627,2017-05-18,70.0
628,2017-05-19,70.0
629,2017-05-20,72.0
630,2017-05-21,72.0
631,2017-05-22,76.0
632,2017-05-23,73.0
633,2017-05-24,75.0
634,2017-05-25,69.0
635,2017-05-26,73.0
636,2017-05-27,69.0
637,2017-05-28,71.0
638,2017-05-29,71.0
639,2017-05-30,74.0
640,2017-05-31,76.0
641,2017-06-01,76.0
642,2017-06-02,76.0
643,2017-06-03,76.0
644,2017-06-04,78.0
645,2017-06-05,76.0
646,2017-06-06,75.0
647,2017-06-07,75.0
648,2017-06-08,76.0
649,2017-06-09,78.0
650,2017-06-10,75.0
651,2017-06-11,73.0
652,2017-06-12,76.0
653,2017-06-13,76.0
654,2017-06-14,76.0
655,2017-06-15,77.0
656,2017-06-16,76.0
657,2017-06-17,77.0
658,2017-06-18,72.0
659,2017-06-19,77.0
660,2017-06-20,75.0
661,2017-06-21,82.0
662,2017-06-22,77.0
663,2017-06-23,76.0
664,2017-06-24,74.0
665,2017-06-25,73.0
666,2017-06-26,77.0
667,2017-06-27,77.0
668,2017-06-28,77.0
669,2017-06-29,76.0
670,2017-06-30,74.0
671,2017-07-01,76.0
672,2017-07-02,77.0
673,2017-07-03,77.0
674,2017-07-04,77.0
675,2017-07-05,77.0
676,2017-07-06,76.0
677,2017-07-07,77.0
678,2017-07-08,76.0
679,2017-07-09,76.0
680,2017-07-10,79.0
681,2017-07-11,76.0
682,2017-07-12,78.0
683,2017-07-13,76.0
684,2017-07-14,80.0
685,2017-07-15,79.0
686,2017-07-16,76.0
687,2017-07-17,75.0
688,2017-07-18,78.0
689,2017-07-19,78.0
690,2017-07-20,78.0
691,2017-07-21,78.0
692,2017-07-22,78.0
693,2017-07-23,75.0
694,2017-07-24,78.0
695,2017-07-25,78.0
696,2017-07-26,78.0
697,2017-07-27,77.0
698,2017-07-28,77.0
699,2017-07-29,78.0
700,2017-07-30,78.0
701,2017-07-31,77.0
702,2016-08-24,80.0
703,2016-08-25,81.0
704,2016-08-26,81.0
705,2016-08-27,81.0
706,2016-08-28,81.0
707,2016-08-29,80.0
708,2016-08-31,80.0
709,2016-09-01,82.0
710,2016-09-02,81.0
711,2016-09-05,82.0
712,2016-09-06,80.0
713,2016-09-07,80.0
714,2016-09-08,81.0
715,2016-09-09,77.0
716,2016-09-12,79.0
717,2016-09-13,79.0
718,2016-09-14,79.0
719,2016-09-15,81.0
720,2016-09-16,79.0
721,2016-09-19,79.0
722,2016-09-20,80.0
723,2016-09-21,80.0
724,2016-09-22,78.0
725,2016-09-23,81.0
726,2016-09-24,82.0
727,2016-09-25,82.0
728,2016-09-26,80.0
729,2016-09-27,79.0
730,2016-09-28,80.0
731,2016-09-29,79.0
732,2016-09-30,80.0
733,2016-10-01,80.0
734,2016-10-02,80.0
735,2016-10-03,80.0
736,2016-10-04,81.0
737,2016-10-05,80.0
738,2016-10-06,80.0
739,2016-10-07,79.0
740,2016-10-10,77.0
741,2016-10-11,80.0
742,2016-10-12,80.0
743,2016-10-13,81.0
744,2016-10-14,79.0
745,2016-10-15,81.0
746,2016-10-17,78.0
747,2016-10-18,80.0
748,2016-10-19,79.0
749,2016-10-20,77.0
750,2016-10-21,78.0
751,2016-10-23,80.0
752,2016-10-24,77.0
753,2016-10-25,81.0
754,2016-10-27,78.0
755,2016-10-28,78.0
756,2016-10-29,76.0
757,2016-10-30,78.0
758,2016-10-31,77.0
759,2016-11-01,77.0
760,2016-11-02,78.0
761,2016-11-03,77.0
762,2016-11-04,77.0
763,2016-11-05,77.0
764,2016-11-06,78.0
765,2016-11-07,72.0
766,2016-11-08,73.0
767,2016-11-09,74.0
768,2016-11-10,75.0
769,2016-11-11,77.0
770,2016-11-12,78.0
771,2016-11-13,78.0
772,2016-11-14,79.0
773,2016-11-15,77.0
774,2016-11-16,78.0
775,2016-11-17,77.0
776,2016-11-22,76.0
777,2016-11-25,74.0
778,2016-11-26,78.0
779,2016-11-27,76.0
780,2016-11-28,76.0
781,2016-11-29,75.0
782,2016-11-30,76.0
783,2016-12-01,75.0
784,2016-12-02,77.0
785,2016-12-03,75.0
786,2016-12-04,77.0
787,2016-12-05,76.0
788,2016-12-07,76.0
789,2016-12-08,75.0
790,2016-12-09,72.0
791,2016-12-10,76.0
792,2016-12-12,75.0
793,2016-12-13,72.0
794,2016-12-14,72.0
795,2016-12-15,75.0
796,2016-12-16,69.0
797,2016-12-17,75.0
798,2016-12-18,74.0
799,2016-12-19,78.0
800,2016-12-20,77.0
801,2016-12-21,76.0
802,2016-12-22,72.0
803,2016-12-23,73.0
804,2016-12-24,74.0
805,2016-12-26,74.0
806,2016-12-27,74.0
807,2016-12-28,73.0
808,2016-12-29,73.0
809,2016-12-30,71.0
810,2016-12-31,72.0
811,2017-01-01,74.0
812,2017-01-02,74.0
813,2017-01-03,70.0
814,2017-01-04,71.0
815,2017-01-05,72.0
816,2017-01-06,71.0
817,2017-01-07,71.0
818,2017-01-08,74.0
819,2017-01-09,72.0
820,2017-01-10,72.0
821,2017-01-11,76.0
822,2017-01-13,75.0
823,2017-01-14,77.0
824,2017-01-16,76.0
825,2017-01-17,75.0
826,2017-01-18,75.0
827,2017-01-19,77.0
828,2017-01-20,74.0
829,2017-01-21,73.0
830,2017-01-23,75.0
831,2017-01-25,73.0
832,2017-01-26,74.0
833,2017-01-27,74.0
834,2017-01-28,76.0
835,2017-01-30,71.0
836,2017-01-31,70.0
837,2017-02-01,72.0
838,2017-02-02,72.0
839,2017-02-03,73.0
840,2017-02-05,80.0
841,2017-02-06,77.0
842,2017-02-07,76.0
843,2017-02-08,67.0
844,2017-02-09,71.0
845,2017-02-10,73.0
846,2017-02-11,69.0
847,2017-02-12,76.0
848,2017-02-13,80.0
849,2017-02-14,79.0
850,2017-02-15,76.0
851,2017-02-16,73.0
852,2017-02-17,77.0
853,2017-02-20,72.0
854,2017-02-21,71.0
855,2017-02-22,72.0
856,2017-02-23,75.0
857,2017-02-24,71.0
858,2017-02-26,75.0
859,2017-02-27,71.0
860,2017-02-28,73.0
861,2017-03-01,71.0
862,2017-03-03,73.0
863,2017-03-06,74.0
864,2017-03-07,74.0
865,2017-03-08,74.0
866,2017-03-09,69.0
867,2017-03-10,75.0
868,2017-03-12,80.0
869,2017-03-13,77.0
870,2017-03-14,77.0
871,2017-03-16,77.0
872,2017-03-17,72.0
873,2017-03-18,76.0
874,2017-03-20,77.0
875,2017-03-21,76.0
876,2017-03-22,76.0
877,2017-03-23,78.0
878,2017-03-24,75.0
879,2017-03-27,78.0
880,2017-03-28,78.0
881,2017-03-29,77.0
882,2017-03-30,78.0
883,2017-03-31,77.0
884,2017-04-01,78.0
885,2017-04-02,77.0
886,2017-04-03,77.0
887,2017-04-04,76.0
888,2017-04-05,77.0
889,2017-04-06,76.0
890,2017-04-07,76.0
891,2017-04-09,77.0
892,2017-04-10,79.0
893,2017-04-11,77.0
894,2017-04-12,77.0
895,2017-04-13,77.0
896,2017-04-14,77.0
897,2017-04-17,69.0
898,2017-04-18,76.0
899,2017-04-19,83.0
900,2017-04-20,74.0
901,2017-04-21,70.0
902,2017-04-22,74.0
903,2017-04-24,79.0
904,2017-04-25,77.0
905,2017-04-26,78.0
906,2017-04-27,78.0
907,2017-04-28,77.0
908,2017-04-29,71.0
909,2017-04-30,63.0
910,2017-05-01,78.0
911,2017-05-02,76.0
912,2017-05-03,78.0
913,2017-05-04,77.0
914,2017-05-05,78.0
915,2017-05-06,78.0
916,2017-05-08,73.0
917,2017-05-09,79.0
918,2017-05-10,76.0
919,2017-05-12,78.0
920,2017-05-15,77.0
921,2017-05-16,77.0
922,2017-05-17,78.0
923,2017-05-18,78.0
924,2017-05-19,79.0
925,2017-05-20,79.0
926,2017-05-22,79.0
927,2017-05-23,78.0
928,2017-05-24,76.0
929,2017-05-25,79.0
930,2017-05-26,79.0
931,2017-05-27,79.0
932,2017-05-28,77.0
933,2017-05-29,79.0
934,2017-05-30,81.0
935,2017-05-31,81.0
936,2017-06-01,81.0
937,2017-06-02,78.0
938,2017-06-03,80.0
939,2017-06-04,79.0
940,2017-06-05,81.0
941,2017-06-06,80.0
942,2017-06-07,81.0
943,2017-06-08,79.0
944,2017-06-09,81.0
945,2017-06-10,78.0
946,2017-06-11,79.0
947,2017-06-12,79.0
948,2017-06-13,75.0
949,2017-06-14,79.0
950,2017-06-15,78.0
951,2017-06-16,80.0
952,2017-06-17,78.0
953,2017-06-18,77.0
954,2017-06-19,78.0
955,2017-06-20,79.0
956,2017-06-23,76.0
957,2017-06-26,80.0
958,2017-06-29,76.0
959,2017-06-30,81.0
960,2017-07-03,81.0
961,2017-07-05,81.0
962,2017-07-07,77.0
963,2017-07-08,81.0
964,2017-07-09,82.0
965,2017-07-10,80.0
966,2017-07-11,79.0
967,2017-07-12,81.0
968,2017-07-13,81.0
969,2017-07-14,80.0
970,2017-07-15,82.0
971,2017-07-16,79.0
972,2017-07-17,82.0
973,2017-07-18,82.0
974,2017-07-19,80.0
975,2017-07-20,79.0
976,2017-07-21,79.0
977,2017-07-22,80.0
978,2017-07-23,82.0
979,2017-07-24,79.0
980,2017-07-25,80.0
981,2017-07-26,79.0
982,2017-07-27,80.0
983,2017-07-28,81.0
984,2017-07-29,82.0
985,2017-07-31,81.0
986,2017-08-01,74.0
987,2017-08-02,80.0
988,2017-08-03,81.0
989,2017-08-04,81.0
990,2017-08-06,82.0
991,2017-08-07,81.0
992,2017-08-08,78.0
993,2017-08-09,81.0
994,2017-08-10,81.0
995,2017-08-11,81.0
996,2017-08-13,81.0
997,2017-08-14,81.0
998,2017-08-15,82.0
999,2017-08-16,82.0
1000,2017-08-17,78.0
1001,2017-08-18,77.0
1002,2017-08-19,80.0
1003,2017-08-20,80.0
1004,2017-08-21,79.0
1005,2017-08-23,82.0
1006,2016-08-24,78.0
1007,2016-08-25,81.0
1008,2016-08-26,81.0
1009,2016-08-29,80.0
1010,2016-08-30,79.0
1011,2016-08-31,79.0
1012,2016-09-01,82.0
1013,2016-09-02,81.0
1014,2016-09-08,80.0
1015,2016-09-09,79.0
1016,2016-09-12,79.0
1017,2016-09-13,79.0
1018,2016-09-14,76.0
1019,2016-09-15,76.0
1020,2016-09-16,79.0
1021,2016-09-19,79.0
1022,2016-09-20,73.0
1023,2016-09-22,76.0
1024,2016-09-23,80.0
1025,2016-09-26,78.0
1026,2016-09-28,79.0
1027,2016-09-29,80.0
1028,2016-09-30,80.0
1029,2016-10-03,79.0
1030,2016-10-04,77.0
1031,2016-10-05,80.0
1032,2016-10-06,79.0
1033,2016-10-07,78.0
1034,2016-10-11,79.0
1035,2016-10-13,80.0
1036,2016-10-17,80.0
1037,2016-10-18,80.0
1038,2016-10-19,80.0
1039,2016-10-20,78.0
1040,2016-10-21,76.0
1041,2016-10-24,76.0
1042,2016-10-25,77.0
1043,2016-10-26,73.0
1044,2016-10-27,77.0
1045,2016-10-28,76.0
1046,2016-10-31,75.0
1047,2016-11-04,77.0
1048,2016-11-07,75.0
1049,2016-11-09,76.0
1050,2016-11-14,79.0
1051,2016-11-15,77.0
1052,2016-11-16,77.0
1053,2016-11-17,77.0
1054,2016-11-18,75.0
1055,2016-11-21,73.0
1056,2016-11-22,76.0
1057,2016-11-23,77.0
1058,2016-11-28,76.0
1059,2016-11-29,74.0
1060,2016-11-30,75.0
1061,2016-12-01,72.0
1062,2016-12-02,70.0
1063,2016-12-05,68.0
1064,2016-12-06,74.0
1065,2016-12-07,71.0
1066,2016-12-08,70.0
1067,2016-12-09,70.0
1068,2016-12-12,70.0
1069,2016-12-13,68.0
1070,2016-12-14,68.0
1071,2016-12-15,68.0
1072,2016-12-16,66.0
1073,2016-12-19,71.0
1074,2016-12-20,76.0
1075,2016-12-21,73.0
1076,2016-12-22,70.0
1077,2016-12-23,68.0
1078,2016-12-28,71.0
1079,2016-12-29,71.0
1080,2016-12-30,68.0
1081,2017-01-09,65.0
1082,2017-01-10,65.0
1083,2017-01-11,67.0
1084,2017-01-12,67.0
1085,2017-01-13,68.0
1086,2017-01-17,70.0
1087,2017-01-18,73.0
1088,2017-01-19,66.0
1089,2017-01-20,70.0
1090,2017-01-23,77.0
1091,2017-01-24,69.0
1092,2017-01-25,69.0
1093,2017-01-26,70.0
1094,2017-01-27,65.0
1095,2017-01-30,68.0
1096,2017-01-31,68.0
1097,2017-02-01,62.0
1098,2017-02-02,70.0
1099,2017-02-03,72.0
1100,2017-02-06,76.0
1101,2017-02-07,67.0
1102,2017-02-08,64.0
1103,2017-02-09,64.0
1104,2017-02-10,64.0
1105,2017-02-13,77.0
1106,2017-02-14,76.0
1107,2017-02-15,73.0
1108,2017-02-16,70.0
1109,2017-02-17,69.0
1110,2017-02-21,71.0
1111,2017-02-22,72.0
1112,2017-02-23,72.0
1113,2017-02-24,68.0
1114,2017-02-27,69.0
1115,2017-02-28,72.0
1116,2017-03-01,66.0
1117,2017-03-02,73.0
1118,2017-03-03,70.0
1119,2017-03-06,67.0
1120,2017-03-07,67.0
1121,2017-03-08,67.0
1122,2017-03-09,68.0
1123,2017-03-10,68.0
1124,2017-03-13,69.0
1125,2017-03-14,73.0
1126,2017-03-15,75.0
1127,2017-03-16,71.0
1128,2017-03-17,72.0
1129,2017-03-28,73.0
1130,2017-03-29,74.0
1131,2017-03-30,77.0
1132,2017-03-31,78.0
1133,2017-04-03,75.0
1134,2017-04-04,75.0
1135,2017-04-05,73.0
1136,2017-04-06,73.0
1137,2017-04-07,76.0
1138,2017-04-10,75.0
1139,2017-04-11,76.0
1140,2017-04-12,74.0
1141,2017-04-13,76.0
1142,2017-04-17,72.0
1143,2017-04-18,75.0
1144,2017-04-19,76.0
1145,2017-04-20,75.0
1146,2017-04-21,74.0
1147,2017-04-24,78.0
1148,2017-04-25,78.0
1149,2017-04-27,78.0
1150,2017-04-28,76.0
1151,2017-06-02,79.0
1152,2017-06-05,78.0
1153,2017-06-06,80.0
1154,2017-06-07,80.0
1155,2017-06-08,78.0
1156,2017-06-09,80.0
1157,2017-06-13,81.0
1158,2017-06-14,78.0
1159,2017-06-15,77.0
1160,2017-06-16,78.0
1161,2017-06-19,78.0
1162,2017-06-20,77.0
1163,2017-06-21,76.0
1164,2017-06-22,81.0
1165,2017-06-23,76.0
1166,2017-06-26,82.0
1167,2017-06-27,80.0
1168,2017-06-28,80.0
1169,2017-06-29,79.0
1170,2017-06-30,74.0
1171,2017-07-03,87.0
1172,2017-07-05,80.0
1173,2017-07-06,79.0
1174,2017-07-07,79.0
1175,2017-07-10,78.0
1176,2017-07-11,81.0
1177,2017-07-12,80.0
1178,2017-07-13,81.0
1179,2017-07-18,78.0
1180,2017-07-19,81.0
1181,2017-07-20,80.0
1182,2017-07-21,81.0
1183,2017-07-25,81.0
1184,2017-07-26,78.0
1185,2017-07-27,79.0
1186,2017-07-28,80.0
1187,2017-07-31,81.0
1188,2016-08-24,79.0
1189,2016-08-25,80.0
1190,2016-08-26,84.0
1191,2016-08-27,81.0
1192,2016-08-28,80.0
1193,2016-08-29,79.0
1194,2016-08-30,78.0
1195,2016-08-31,78.0
1196,2016-09-02,81.0
1197,2016-09-03,78.0
1198,2016-09-04,84.0
1199,2016-09-05,84.0
1200,2016-09-06,78.0
1201,2016-09-07,76.0
1202,2016-09-08,79.0
1203,2016-09-09,77.0
1204,2016-09-10,78.0
1205,2016-09-11,83.0
1206,2016-09-12,78.0
1207,2016-09-13,77.0
1208,2016-09-14,77.0
1209,2016-09-15,79.0
1210,2016-09-16,78.0
1211,2016-09-17,81.0
1212,2016-09-18,81.0
1213,2016-09-19,78.0
1214,2016-09-20,77.0
1215,2016-09-21,79.0
1216,2016-09-22,79.0
1217,2016-09-23,80.0
1218,2016-09-24,83.0
1219,2016-09-25,82.0
1220,2016-09-26,78.0
1221,2016-09-27,78.0
1222,2016-09-28,78.0
1223,2016-09-29,82.0
1224,2016-09-30,78.0
1225,2016-10-01,79.0
1226,2016-10-02,81.0
1227,2016-10-03,79.0
1228,2016-10-04,80.0
1229,2016-10-05,80.0
1230,2016-10-06,80.0
1231,2016-10-07,79.0
1232,2016-10-08,82.0
1233,2016-10-09,80.0
1234,2016-10-10,78.0
1235,2016-10-11,81.0
1236,2016-10-12,81.0
1237,2016-10-13,79.0
1238,2016-10-14,80.0
1239,2016-10-15,79.0
1240,2016-10-16,81.0
1241,2016-10-17,80.0
1242,2016-10-18,80.0
1243,2016-10-19,78.0
1244,2016-10-21,79.0
1245,2016-10-22,80.0
1246,2016-10-23,81.0
1247,2016-10-24,75.0
1248,2016-10-25,77.0
1249,2016-10-26,78.0
1250,2016-10-27,78.0
1251,2016-10-28,78.0
1252,2016-10-29,78.0
1253,2016-10-30,79.0
1254,2016-10-31,78.0
1255,2016-11-01,79.0
1256,2016-11-02,76.0
1257,2016-11-03,77.0
1258,2016-11-04,76.0
1259,2016-11-05,78.0
1260,2016-11-06,78.0
1261,2016-11-07,76.0
1262,2016-11-08,77.0
1263,2016-11-09,75.0
1264,2016-11-10,72.0
1265,2016-11-11,73.0
1266,2016-11-12,79.0
1267,2016-11-13,79.0
1268,2016-11-14,78.0
1269,2016-11-15,77.0
1270,2016-11-16,77.0
1271,2016-11-17,77.0
1272,2016-11-18,77.0
1273,2016-11-19,76.0
1274,2016-11-20,80.0
1275,2016-11-21,75.0
1276,2016-11-22,76.0
1277,2016-11-23,75.0
1278,2016-11-24,75.0
1279,2016-11-25,76.0
1280,2016-11-26,78.0
1281,2016-11-27,78.0
1282,2016-11-28,77.0
1283,2016-11-29,76.0
1284,2016-11-30,76.0
1285,2016-12-01,76.0
1286,2016-12-02,75.0
1287,2016-12-03,75.0
1288,2016-12-04,75.0
1289,2016-12-05,70.0
1290,2016-12-06,70.0
1291,2016-12-07,74.0
1292,2016-12-08,73.0
1293,2016-12-10,72.0
1294,2016-12-11,78.0
1295,2016-12-12,67.0
1296,2016-12-13,69.0
1297,2016-12-14,71.0
1298,2016-12-15,74.0
1299,2016-12-16,63.0
1300,2016-12-17,76.0
1301,2016-12-18,76.0
1302,2016-12-19,71.0
1303,2016-12-20,76.0
1304,2016-12-21,77.0
1305,2016-12-22,73.0
1306,2016-12-23,71.0
1307,2016-12-24,78.0
1308,2016-12-25,78.0
1309,2016-12-26,75.0
1310,2016-12-27,75.0
1311,2016-12-28,72.0
1312,2016-12-29,77.0
1313,2016-12-30,72.0
1314,2017-01-01,74.0
1315,2017-01-03,73.0
1316,2017-01-04,73.0
1317,2017-01-05,71.0
1318,2017-01-06,74.0
1319,2017-01-07,72.0
1320,2017-01-08,74.0
1321,2017-01-09,77.0
1322,2017-01-10,75.0
1323,2017-01-12,81.0
1324,2017-01-15,78.0
1325,2017-01-16,80.0
1326,2017-01-18,75.0
1327,2017-01-19,78.0
1328,2017-01-20,73.0
1329,2017-01-21,74.0
1330,2017-01-22,74.0
1331,2017-01-23,74.0
1332,2017-01-24,74.0
1333,2017-01-25,72.0
1334,2017-01-26,74.0
1335,2017-01-27,74.0
1336,2017-01-29,73.0
1337,2017-01-30,70.0
1338,2017-01-31,70.0
1339,2017-02-01,70.0
1340,2017-02-02,64.0
1341,2017-02-03,62.0
1342,2017-02-04,76.0
1343,2017-02-05,77.0
1344,2017-02-06,76.0
1345,2017-02-07,72.0
1346,2017-02-08,74.0
1347,2017-02-09,60.0
1348,2017-02-10,74.0
1349,2017-02-11,70.0
1350,2017-02-12,73.0
1351,2017-02-13,78.0
1352,2017-02-15,76.0
1353,2017-02-16,72.0
1354,2017-02-17,75.0
1355,2017-02-18,67.0
1356,2017-02-20,71.0
1357,2017-02-22,72.0
1358,2017-02-23,73.0
1359,2017-02-24,70.0
1360,2017-02-26,67.0
1361,2017-02-27,77.0
1362,2017-02-28,73.0
1363,2017-03-01,73.0
1364,2017-03-02,75.0
1365,2017-03-03,74.0
1366,2017-03-04,77.0
1367,2017-03-06,69.0
1368,2017-03-09,70.0
1369,2017-03-10,69.0
1370,2017-03-11,81.0
1371,2017-03-12,74.0
1372,2017-03-13,69.0
1373,2017-03-14,74.0
1374,2017-03-15,71.0
1375,2017-03-16,69.0
1376,2017-03-17,70.0
1377,2017-03-18,74.0
1378,2017-03-19,74.0
1379,2017-03-20,75.0
1380,2017-03-21,75.0
1381,2017-03-22,75.0
1382,2017-03-23,75.0
1383,2017-03-24,76.0
1384,2017-03-25,75.0
1385,2017-03-26,80.0
1386,2017-03-27,76.0
1387,2017-03-28,76.0
1388,2017-03-29,74.0
1389,2017-03-30,78.0
1390,2017-03-31,75.0
1391,2017-04-01,80.0
1392,2017-04-02,79.0
1393,2017-04-03,76.0
1394,2017-04-04,78.0
1395,2017-04-05,77.0
1396,2017-04-06,76.0
1397,2017-04-07,78.0
1398,2017-04-09,74.0
1399,2017-04-10,75.0
1400,2017-04-11,82.0
1401,2017-04-12,80.0
1402,2017-04-13,79.0
1403,2017-04-14,75.0
1404,2017-04-15,79.0
1405,2017-04-16,74.0
1406,2017-04-17,71.0
1407,2017-04-18,76.0
1408,2017-04-19,74.0
1409,2017-04-20,76.0
1410,2017-04-21,70.0
1411,2017-04-24,80.0
1412,2017-04-25,76.0
1413,2017-04-26,81.0
1414,2017-04-27,76.0
1415,2017-04-28,76.0
1416,2017-04-29,70.0
1417,2017-04-30,64.0
1418,2017-05-01,73.0
1419,2017-05-02,78.0
1420,2017-05-03,78.0
1421,2017-05-04,77.0
1422,2017-05-05,79.0
1423,2017-05-06,80.0
1424,2017-05-07,78.0
1425,2017-05-08,80.0
1426,2017-05-09,75.0
1427,2017-05-10,76.0
1428,2017-05-11,78.0
1429,2017-05-12,77.0
1430,2017-05-13,76.0
1431,2017-05-14,78.0
1432,2017-05-15,77.0
1433,2017-05-16,76.0
1434,2017-05-17,77.0
1435,2017-05-18,71.0
1436,2017-05-20,79.0
1437,2017-05-21,80.0
1438,2017-05-22,76.0
1439,2017-05-23,76.0
1440,2017-05-24,76.0
1441,2017-05-25,75.0
1442,2017-05-26,77.0
1443,2017-05-27,79.0
1444,2017-05-28,82.0
1445,2017-05-29,80.0
1446,2017-05-30,78.0
1447,2017-05-31,79.0
1448,2017-06-01,79.0
1449,2017-06-02,81.0
1450,2017-06-03,79.0
1451,2017-06-04,81.0
1452,2017-06-05,78.0
1453,2017-06-06,78.0
1454,2017-06-07,78.0
1455,2017-06-08,77.0
1456,2017-06-09,78.0
1457,2017-06-10,75.0
1458,2017-06-11,81.0
1459,2017-06-12,80.0
1460,2017-06-13,77.0
1461,2017-06-14,80.0
1462,2017-06-15,78.0
1463,2017-06-16,80.0
1464,2017-06-17,77.0
1465,2017-06-18,78.0
1466,2017-06-19,78.0
1467,2017-06-21,80.0
1468,2017-06-22,80.0
1469,2017-06-23,79.0
1470,2017-06-24,82.0
1471,2017-06-25,80.0
1472,2017-06-26,81.0
1473,2017-06-27,81.0
1474,2017-06-28,79.0
1475,2017-06-29,78.0
1476,2017-06-30,75.0
1477,2017-07-02,80.0
1478,2017-07-03,81.0
1479,2017-07-05,80.0
1480,2017-07-06,79.0
1481,2017-07-07,79.0
1482,2017-07-08,77.0
1483,2017-07-09,82.0
1484,2017-07-10,82.0
1485,2017-07-11,79.0
1486,2017-07-12,82.0
1487,2017-07-13,79.0
1488,2017-07-14,80.0
1489,2017-07-15,82.0
1490,2017-07-16,82.0
1491,2017-07-17,82.0
1492,2017-07-18,83.0
1493,2017-07-19,80.0
1494,2017-07-20,80.0
1495,2017-07-21,80.0
1496,2017-07-22,78.0
1497,2017-07-24,79.0
1498,2017-07-25,80.0
1499,2017-07-26,84.0
1500,2017-07-27,80.0
1501,2017-07-28,81.0
1502,2017-07-29,83.0
1503,2017-07-30,84.0
1504,2017-07-31,82.0
1505,2017-08-01,75.0
1506,2017-08-02,83.0
1507,2017-08-03,80.0
1508,2017-08-04,82.0
1509,2017-08-06,83.0
1510,2017-08-07,83.0
1511,2017-08-08,82.0
1512,2017-08-10,80.0
1513,2017-08-11,81.0
1514,2017-08-12,83.0
1515,2017-08-13,84.0
1516,2017-08-14,75.0
1517,2017-08-15,79.0
1518,2017-08-16,79.0
1519,2017-08-17,83.0
1520,2017-08-19,85.0
1521,2017-08-21,82.0
1522,2017-08-22,82.0
1523,2017-08-23,82.0
1524,2016-08-24,77.0
1525,2016-08-25,80.0
1526,2016-08-26,80.0
1527,2016-08-27,75.0
1528,2016-08-28,73.0
1529,2016-08-29,78.0
1530,2016-08-30,77.0
1531,2016-08-31,78.0
1532,2016-09-01,80.0
1533,2016-09-02,80.0
1534,2016-09-03,78.0
1535,2016-09-04,78.0
1536,2016-09-05,78.0
1537,2016-09-06,73.0
1538,2016-09-07,74.0
1539,2016-09-08,80.0
1540,2016-09-09,79.0
1541,2016-09-10,77.0
1542,2016-09-11,80.0
1543,2016-09-12,76.0
1544,2016-09-13,79.0
1545,2016-09-14,75.0
1546,2016-09-15,79.0
1547,2016-09-16,78.0
1548,2016-09-17,79.0
1549,2016-09-18,78.0
1550,2016-09-19,78.0
1551,2016-09-20,76.0
1552,2016-09-21,74.0
1553,2016-09-22,77.0
1554,2016-09-23,78.0
1555,2016-09-24,79.0
1556,2016-09-25,79.0
1557,2016-09-26,77.0
1558,2016-09-27,80.0
1559,2016-09-28,78.0
1560,2016-09-29,78.0
1561,2016-09-30,78.0
1562,2016-10-01,77.0
1563,2016-10-02,79.0
1564,2016-10-03,79.0
1565,2016-10-04,79.0
1566,2016-10-05,79.0
1567,2016-10-06,75.0
1568,2016-10-07,76.0
1569,2016-10-08,73.0
1570,2016-10-09,72.0
1571,2016-10-10,71.0
1572,2016-10-11,77.0
1573,2016-10-12,79.0
1574,2016-10-13,78.0
1575,2016-10-14,79.0
1576,2016-10-15,77.0
1577,2016-10-16,79.0
1578,2016-10-17,77.0
1579,2016-10-18,78.0
1580,2016-10-19,78.0
1581,2016-10-20,78.0
1582,2016-10-21,78.0
1583,2016-10-22,77.0
1584,2016-10-23,74.0
1585,2016-10-24,75.0
1586,2016-10-25,76.0
1587,2016-10-26,73.0
1588,2016-10-27,76.0
1589,2016-10-28,74.0
1590,2016-10-29,77.0
1591,2016-10-30,76.0
1592,2016-10-31,76.0
1593,2016-11-01,74.0
1594,2016-11-02,75.0
1595,2016-11-03,75.0
1596,2016-11-04,75.0
1597,2016-11-05,75.0
1598,2016-11-06,71.0
1599,2016-11-07,63.0
1600,2016-11-08,70.0
1601,2016-11-09,68.0
1602,2016-11-10,67.0
1603,2016-11-11,77.0
1604,2016-11-12,74.0
1605,2016-11-13,77.0
1606,2016-11-14,76.0
1607,2016-11-15,76.0
1608,2016-11-16,75.0
1609,2016-11-17,76.0
1610,2016-11-18,75.0
1611,2016-11-19,73.0
1612,2016-11-20,75.0
1613,2016-11-21,73.0
1614,2016-11-22,75.0
1615,2016-11-23,74.0
1616,2016-11-24,75.0
1617,2016-11-25,74.0
1618,2016-11-26,75.0
1619,2016-11-27,73.0
1620,2016-11-28,75.0
1621,2016-11-29,73.0
1622,2016-11-30,73.0
1623,2016-12-01,74.0
1624,2016-12-02,70.0
1625,2016-12-03,72.0
1626,2016-12-04,70.0
1627,2016-12-05,67.0
1628,2016-12-06,67.0
1629,2016-12-07,69.0
1630,2016-12-08,70.0
1631,2016-12-09,68.0
1632,2016-12-10,69.0
1633,2016-12-11,69.0
1634,2016-12-12,66.0
1635,2016-12-13,65.0
1636,2016-12-14,68.0
1637,2016-12-15,62.0
1638,2016-12-16,75.0
1639,2016-12-17,70.0
1640,2016-12-18,69.0
1641,2016-12-19,76.0
1642,2016-12-20,76.0
1643,2016-12-21,74.0
1644,2016-12-22,73.0
1645,2016-12-23,71.0
1646,2016-12-24,74.0
1647,2016-12-25,74.0
1648,2016-12-26,72.0
1649,2016-12-27,71.0
1650,2016-12-28,72.0
1651,2016-12-29,74.0
1652,2016-12-30,69.0
1653,2016-12-31,67.0
1654,2017-01-01,72.0
1655,2017-01-02,70.0
1656,2017-01-03,64.0
1657,2017-01-04,63.0
1658,2017-01-05,63.0
1659,2017-01-06,62.0
1660,2017-01-07,70.0
1661,2017-01-08,70.0
1662,2017-01-09,62.0
1663,2017-01-10,62.0
1664,2017-01-11,63.0
1665,2017-01-12,65.0
1666,2017-01-13,69.0
1667,2017-01-14,77.0
1668,2017-01-15,70.0
1669,2017-01-16,74.0
1670,2017-01-17,69.0
1671,2017-01-18,72.0
1672,2017-01-19,71.0
1673,2017-01-20,69.0
1674,2017-01-21,71.0
1675,2017-01-22,71.0
1676,2017-01-23,72.0
1677,2017-01-24,72.0
1678,2017-01-25,69.0
1679,2017-01-26,70.0
1680,2017-01-27,66.0
1681,2017-01-28,65.0
1682,2017-01-29,69.0
1683,2017-01-30,68.0
1684,2017-01-31,68.0
1685,2017-02-01,68.0
1686,2017-02-02,59.0
1687,2017-02-03,60.0
1688,2017-02-04,70.0
1689,2017-02-05,73.0
1690,2017-02-06,75.0
1691,2017-02-07,64.0
1692,2017-02-08,59.0
1693,2017-02-09,59.0
1694,2017-02-10,62.0
1695,2017-02-11,68.0
1696,2017-02-12,70.0
1697,2017-02-13,73.0
1698,2017-02-14,79.0
1699,2017-02-15,75.0
1700,2017-02-16,65.0
1701,2017-02-17,70.0
1702,2017-02-18,74.0
1703,2017-02-19,70.0
1704,2017-02-20,70.0
1705,2017-02-21,71.0
1706,2017-02-22,71.0
1707,2017-02-23,71.0
1708,2017-02-24,69.0
1709,2017-02-25,61.0
1710,2017-02-26,67.0
1711,2017-02-27,65.0
1712,2017-02-28,72.0
1713,2017-03-01,71.0
1714,2017-03-02,73.0
1715,2017-03-03,72.0
1716,2017-03-04,77.0
1717,2017-03-05,73.0
1718,2017-03-06,67.0
1719,2017-03-07,62.0
1720,2017-03-08,64.0
1721,2017-03-09,67.0
1722,2017-03-10,66.0
1723,2017-03-11,81.0
1724,2017-03-12,69.0
1725,2017-03-13,66.0
1726,2017-03-14,67.0
1727,2017-03-15,69.0
1728,2017-03-16,66.0
1729,2017-03-17,68.0
1730,2017-03-18,65.0
1731,2017-03-19,74.0
1732,2017-03-20,69.0
1733,2017-03-21,72.0
1734,2017-03-22,73.0
1735,2017-03-23,72.0
1736,2017-03-24,71.0
1737,2017-03-25,76.0
1738,2017-03-26,77.0
1739,2017-03-27,76.0
1740,2017-03-28,74.0
1741,2017-03-29,68.0
1742,2017-03-30,73.0
1743,2017-03-31,71.0
1744,2017-04-01,74.0
1745,2017-04-02,75.0
1746,2017-04-03,70.0
1747,2017-04-04,67.0
1748,2017-04-05,71.0
1749,2017-04-06,67.0
1750,2017-04-07,74.0
1751,2017-04-08,77.0
1752,2017-04-09,78.0
1753,2017-04-10,67.0
1754,2017-04-11,70.0
1755,2017-04-12,69.0
1756,2017-04-13,69.0
1757,2017-04-14,74.0
1758,2017-04-15,78.0
1759,2017-04-16,71.0
1760,2017-04-17,67.0
1761,2017-04-18,68.0
1762,2017-04-19,67.0
1763,2017-04-20,76.0
1764,2017-04-21,69.0
1765,2017-04-22,72.0
1766,2017-04-23,76.0
1767,2017-04-24,68.0
1768,2017-04-25,72.0
1769,2017-04-26,74.0
1770,2017-04-27,70.0
1771,2017-04-28,67.0
1772,2017-04-29,72.0
1773,2017-04-30,60.0
1774,2017-05-01,65.0
1775,2017-05-02,75.0
1776,2017-05-03,70.0
1777,2017-05-04,75.0
1778,2017-05-05,70.0
1779,2017-05-06,79.0
1780,2017-05-07,75.0
1781,2017-05-08,70.0
1782,2017-05-09,67.0
1783,2017-05-10,74.0
1784,2017-05-11,70.0
1785,2017-05-12,75.0
1786,2017-05-13,76.0
1787,2017-05-14,77.0
1788,2017-05-15,74.0
1789,2017-05-16,74.0
1790,2017-05-17,74.0
1791,2017-05-18,69.0
1792,2017-05-19,68.0
1793,2017-05-20,76.0
1794,2017-05-21,74.0
1795,2017-05-22,71.0
1796,2017-05-23,71.0
1797,2017-05-24,74.0
1798,2017-05-25,74.0
1799,2017-05-26,74.0
1800,2017-05-27,74.0
1801,2017-05-28,80.0
1802,2017-05-29,74.0
1803,2017-05-30,72.0
1804,2017-05-31,75.0
1805,2017-06-01,80.0
1806,2017-06-02,76.0
1807,2017-06-03,76.0
1808,2017-06-04,77.0
1809,2017-06-05,75.0
1810,2017-06-06,75.0
1811,2017-06-07,75.0
1812,2017-06-08,75.0
1813,2017-06-09,72.0
1814,2017-06-10,74.0
1815,2017-06-11,74.0
1816,2017-06-12,74.0
1817,2017-06-13,76.0
1818,2017-06-14,74.0
1819,2017-06-15,75.0
1820,2017-06-16,73.0
1821,2017-06-17,79.0
1822,2017-06-18,75.0
1823,2017-06-19,72.0
1824,2017-06-20,72.0
1825,2017-06-21,74.0
1826,2017-06-22,72.0
1827,2017-06-23,72.0
1828,2017-06-24,77.0
1829,2017-06-25,71.0
1830,2017-06-26,73.0
1831,2017-06-27,76.0
1832,2017-06-28,77.0
1833,2017-06-29,76.0
1834,2017-06-30,76.0
1835,2017-07-01,79.0
1836,2017-07-02,81.0
1837,2017-07-03,76.0
1838,2017-07-04,78.0
1839,2017-07-05,77.0
1840,2017-07-06,74.0
1841,2017-07-07,75.0
1842,2017-07-08,78.0
1843,2017-07-09,78.0
1844,2017-07-10,69.0
1845,2017-07-11,72.0
1846,2017-07-12,74.0
1847,2017-07-13,74.0
1848,2017-07-14,76.0
1849,2017-07-15,80.0
1850,2017-07-16,80.0
1851,2017-07-17,76.0
1852,2017-07-18,76.0
1853,2017-07-19,76.0
1854,2017-07-20,77.0
1855,2017-07-21,77.0
1856,2017-07-22,77.0
1857,2017-07-23,82.0
1858,2017-07-24,75.0
1859,2017-07-25,77.0
1860,2017-07-26,75.0
1861,2017-07-27,76.0
1862,2017-07-28,81.0
1863,2017-07-29,82.0
1864,2017-07-30,81.0
1865,2017-07-31,76.0
1866,2017-08-04,77.0
1867,2017-08-05,82.0
1868,2017-08-06,83.0
1869,2017-08-13,77.0
1870,2017-08-14,77.0
1871,2017-08-15,77.0
1872,2017-08-16,76.0
1873,2017-08-17,76.0
1874,2017-08-18,79.0
1875,2016-08-24,74.0
1876,2016-08-25,77.0
1877,2016-08-27,74.0
1878,2016-08-28,71.0
1879,2016-08-29,78.0
1880,2016-08-30,75.0
1881,2016-08-31,76.0
1882,2016-09-01,77.0
1883,2016-09-02,75.0
1884,2016-09-03,75.0
1885,2016-09-04,73.0
1886,2016-09-05,76.0
1887,2016-09-06,73.0
1888,2016-09-07,74.0
1889,2016-09-08,74.0
1890,2016-09-09,75.0
1891,2016-09-10,75.0
1892,2016-09-11,71.0
1893,2016-09-12,72.0
1894,2016-09-13,75.0
1895,2016-09-14,73.0
1896,2016-09-15,73.0
1897,2016-09-16,73.0
1898,2016-09-17,76.0
1899,2016-09-18,75.0
1900,2016-09-19,70.0
1901,2016-09-20,70.0
1902,2016-09-21,73.0
1903,2016-09-22,73.0
1904,2016-09-23,73.0
1905,2016-09-24,77.0
1906,2016-09-25,76.0
1907,2016-09-26,74.0
1908,2016-09-27,74.0
1909,2016-09-28,77.0
1910,2016-09-29,77.0
1911,2016-09-30,73.0
1912,2016-10-01,74.0
1913,2016-10-02,73.0
1914,2016-10-03,76.0
1915,2016-10-04,74.0
1916,2016-10-05,75.0
1917,2016-10-06,75.0
1918,2016-10-07,73.0
1919,2016-10-08,74.0
1920,2016-10-09,77.0
1921,2016-10-10,74.0
1922,2016-10-11,74.0
1923,2016-10-12,78.0
1924,2016-10-13,75.0
1925,2016-10-14,73.0
1926,2016-10-15,74.0
1927,2016-10-16,77.0
1928,2016-10-17,70.0
1929,2016-10-18,74.0
1930,2016-10-19,70.0
1931,2016-10-20,73.0
1932,2016-10-21,74.0
1933,2016-10-22,75.0
1934,2016-10-23,72.0
1935,2016-10-24,71.0
1936,2016-10-25,74.0
1937,2016-10-26,75.0
1938,2016-10-27,71.0
1939,2016-10-28,68.0
1940,2016-10-29,71.0
1941,2016-10-30,76.0
1942,2016-10-31,69.0
1943,2016-11-01,73.0
1944,2016-11-02,76.0
1945,2016-11-03,74.0
1946,2016-11-04,74.0
1947,2016-11-05,69.0
1948,2016-11-06,77.0
1949,2016-11-07,71.0
1950,2016-11-08,71.0
1951,2016-11-09,71.0
1952,2016-11-10,71.0
1953,2016-11-11,67.0
1954,2016-11-12,73.0
1955,2016-11-13,72.0
1956,2016-11-14,74.0
1957,2016-11-15,72.0
1958,2016-11-16,72.0
1959,2016-11-17,75.0
1960,2016-11-20,74.0
1961,2016-11-21,71.0
1962,2016-11-22,73.0
1963,2016-11-23,69.0
1964,2016-11-24,69.0
1965,2016-11-25,69.0
1966,2016-11-26,70.0
1967,2016-11-27,69.0
1968,2016-11-28,71.0
1969,2016-11-29,67.0
1970,2016-11-30,72.0
1971,2016-12-01,71.0
1972,2016-12-02,71.0
1973,2016-12-03,67.0
1974,2016-12-04,76.0
1975,2016-12-05,67.0
1976,2016-12-06,67.0
1977,2016-12-07,68.0
1978,2016-12-08,71.0
1979,2016-12-09,68.0
1980,2016-12-10,68.0
1981,2016-12-11,69.0
1982,2016-12-12,65.0
1983,2016-12-13,70.0
1984,2016-12-14,69.0
1985,2016-12-15,64.0
1986,2016-12-16,60.0
1987,2016-12-18,67.0
1988,2016-12-19,72.0
1989,2016-12-20,73.0
1990,2016-12-21,70.0
1991,2016-12-22,68.0
1992,2016-12-23,69.0
1993,2016-12-24,69.0
1994,2016-12-25,69.0
1995,2016-12-26,71.0
1996,2016-12-27,71.0
1997,2016-12-28,71.0
1998,2016-12-29,69.0
1999,2016-12-30,65.0
2000,2016-12-31,65.0
2001,2017-01-01,68.0
2002,2017-01-02,70.0
2003,2017-01-03,71.0
2004,2017-01-04,70.0
2005,2017-01-05,71.0
2006,2017-01-06,65.0
2007,2017-01-07,70.0
2008,2017-01-08,66.0
2009,2017-01-09,69.0
2010,2017-01-10,64.0
2011,2017-01-11,66.0
2012,2017-01-12,68.0
2013,2017-01-13,67.0
2014,2017-01-14,70.0
2015,2017-01-15,68.0
2016,2017-01-16,68.0
2017,2017-01-17,69.0
2018,2017-01-18,73.0
2019,2017-01-19,71.0
2020,2017-01-20,67.0
2021,2017-01-21,67.0
2022,2017-01-22,68.0
2023,2017-01-23,70.0
2024,2017-01-24,67.0
2025,2017-01-25,69.0
2026,2017-01-26,67.0
2027,2017-01-27,69.0
2028,2017-01-28,64.0
2029,2017-01-29,67.0
2030,2017-01-30,66.0
2031,2017-01-31,65.0
2032,2017-02-01,65.0
2033,2017-02-02,60.0
2034,2017-02-04,66.0
2035,2017-02-05,69.0
2036,2017-02-06,73.0
2037,2017-02-07,68.0
2038,2017-02-08,68.0
2039,2017-02-09,64.0
2040,2017-02-10,70.0
2041,2017-02-11,66.0
2042,2017-02-12,65.0
2043,2017-02-13,68.0
2044,2017-02-14,79.0
2045,2017-02-15,71.0
2046,2017-02-16,72.0
2047,2017-02-18,72.0
2048,2017-02-19,68.0
2049,2017-02-20,69.0
2050,2017-02-21,65.0
2051,2017-02-22,69.0
2052,2017-02-23,72.0
2053,2017-02-24,68.0
2054,2017-02-25,66.0
2055,2017-02-26,64.0
2056,2017-02-27,69.0
2057,2017-02-28,69.0
2058,2017-03-01,64.0
2059,2017-03-02,72.0
2060,2017-03-03,78.0
2061,2017-03-04,70.0
2062,2017-03-05,68.0
2063,2017-03-06,76.0
2064,2017-03-07,72.0
2065,2017-03-08,68.0
2066,2017-03-09,72.0
2067,2017-03-10,65.0
2068,2017-03-11,82.0
2069,2017-03-13,69.0
2070,2017-03-14,75.0
2071,2017-03-15,76.0
2072,2017-03-16,77.0
2073,2017-03-18,70.0
2074,2017-03-19,74.0
2075,2017-03-20,74.0
2076,2017-03-21,72.0
2077,2017-03-22,72.0
2078,2017-03-23,70.0
2079,2017-03-24,70.0
2080,2017-03-25,72.0
2081,2017-03-26,72.0
2082,2017-03-27,74.0
2083,2017-03-28,69.0
2084,2017-03-29,69.0
2085,2017-03-31,76.0
2086,2017-04-01,69.0
2087,2017-04-02,71.0
2088,2017-04-03,73.0
2089,2017-04-04,75.0
2090,2017-04-05,69.0
2091,2017-04-06,72.0
2092,2017-04-08,76.0
2093,2017-04-09,70.0
2094,2017-04-10,72.0
2095,2017-04-11,71.0
2096,2017-04-12,70.0
2097,2017-04-13,73.0
2098,2017-04-14,72.0
2099,2017-04-15,70.0
2100,2017-04-16,71.0
2101,2017-04-17,69.0
2102,2017-04-18,71.0
2103,2017-04-19,71.0
2104,2017-04-20,69.0
2105,2017-04-21,70.0
2106,2017-04-22,73.0
2107,2017-04-23,70.0
2108,2017-04-24,75.0
2109,2017-04-25,74.0
2110,2017-04-26,77.0
2111,2017-04-27,76.0
2112,2017-04-28,71.0
2113,2017-04-29,68.0
2114,2017-04-30,58.0
2115,2017-05-01,73.0
2116,2017-05-02,79.0
2117,2017-05-04,74.0
2118,2017-05-05,74.0
2119,2017-05-06,74.0
2120,2017-05-07,70.0
2121,2017-05-08,66.0
2122,2017-05-09,72.0
2123,2017-05-10,72.0
2124,2017-05-11,78.0
2125,2017-05-12,70.0
2126,2017-05-13,71.0
2127,2017-05-14,70.0
2128,2017-05-15,72.0
2129,2017-05-16,71.0
2130,2017-05-17,71.0
2131,2017-05-18,69.0
2132,2017-05-20,70.0
2133,2017-05-21,69.0
2134,2017-05-22,72.0
2135,2017-05-23,69.0
2136,2017-05-24,70.0
2137,2017-05-25,75.0
2138,2017-05-26,72.0
2139,2017-05-27,72.0
2140,2017-05-28,73.0
2141,2017-05-30,72.0
2142,2017-06-01,74.0
2143,2017-06-03,74.0
2144,2017-06-04,77.0
2145,2017-06-05,74.0
2146,2017-06-06,74.0
2147,2017-06-07,79.0
2148,2017-06-08,75.0
2149,2017-06-10,72.0
2150,2017-06-11,76.0
2151,2017-06-12,74.0
2152,2017-06-13,73.0
2153,2017-06-14,74.0
2154,2017-06-15,77.0
2155,2017-06-16,74.0
2156,2017-06-17,72.0
2157,2017-06-18,77.0
2158,2017-06-19,76.0
2159,2017-06-20,74.0
2160,2017-06-21,75.0
2161,2017-06-22,76.0
2162,2017-06-23,71.0
2163,2017-06-24,73.0
2164,2017-06-25,79.0
2165,2017-06-26,79.0
2166,2017-06-27,74.0
2167,2017-06-28,74.0
2168,2017-06-29,76.0
2169,2017-06-30,75.0
2170,2017-07-01,74.0
2171,2017-07-02,78.0
2172,2017-07-03,77.0
2173,2017-07-04,77.0
2174,2017-07-05,75.0
2175,2017-07-06,74.0
2176,2017-07-07,74.0
2177,2017-07-08,71.0
2178,2017-07-09,78.0
2179,2017-07-10,77.0
2180,2017-07-11,74.0
2181,2017-07-12,72.0
2182,2017-07-13,77.0
2183,2017-07-14,76.0
2184,2017-07-15,78.0
2185,2017-07-16,75.0
2186,2017-07-17,72.0
2187,2017-07-18,77.0
2188,2017-07-19,74.0
2189,2017-07-20,75.0
2190,2017-07-21,72.0
2191,2017-07-22,72.0
2192,2017-07-23,78.0
2193,2017-07-24,77.0
2194,2017-07-25,79.0
2195,2017-07-26,73.0
2196,2017-07-27,75.0
2197,2017-07-28,73.0
2198,2017-07-29,77.0
2199,2017-07-30,79.0
2200,2017-07-31,74.0
2201,2017-08-01,72.0
2202,2017-08-02,80.0
2203,2017-08-03,76.0
2204,2017-08-05,77.0
2205,2017-08-06,79.0
2206,2017-08-07,78.0
2207,2017-08-08,74.0
2208,2017-08-09,71.0
2209,2017-08-10,75.0
2210,2017-08-11,72.0
2211,2017-08-12,74.0
2212,2017-08-13,80.0
2213,2017-08-14,79.0
2214,2017-08-15,70.0
2215,2017-08-16,71.0
2216,2017-08-17,72.0
2217,2017-08-18,76.0
2218,2017-08-19,71.0
2219,2017-08-20,78.0
2220,2017-08-21,76.0
2221,2017-08-22,76.0
2222,2017-08-23,76.0
